編號,社區名稱,總價(萬),單價(萬/坪),格局,幾衛,樓層,符合買屋硬指標(兩衛且非2F非頂樓),屋齡,權狀總坪數,室內實坪(主+附),主建物坪數,附屬建物坪數,共用部分(公設)坪數,土地坪數,公設比(%),公設比是否含車位,車位型態,車位詳細說明,管理費,行政區域/商圈,座向,591物件名稱,591連結
1,綠郡大廈,988,36.7,2房2廳1衛1陽,1,4/7F,不符(僅1衛),28年,26.92,15.46,13.87,1.59,5.21(換算),未載明,約25.2%,未單載(扣車位公設比約25.2%/含車位42.6%),機械式,機械休旅車位(機上，已載明6.26坪),未載明,南屯區五期,坐北朝南,KT專任綠郡｜正五期捷運旁2房休旅車位,https://sale.591.com.tw/home/house/detail/2/20717155.html
2,黎明春秋,986,34.4,3房2廳1衛1陽,1,8/14F,不符(僅1衛),30年,28.64,19.2,17.07,2.13,9.43,2.36,33%,是(共用9.43坪/總建28.64坪=33%，車位併入公設),機械式,機械式(含售價，車位坪數併於公設),"1,575元/月",南屯區,坐西朝東,☀️黎明河南｜黎明春秋三房車｜低總價適首購,https://sale.591.com.tw/home/house/detail/2/20919725.html
3,文昌公園雅築,928,23.8,3房2廳2衛3陽,2,4/7F,完全符合,35年,39.07,30.93,30.5,0.43,8.14(含車),6.69,約20.8%,是(室內實用空間高達30.9坪！公設含車約8.14坪),坡道機械式,B1坡道機械車位(車位4.665坪，雙衛浴一年內全新翻修),"2,908元/月",南屯區,坐北朝南,『黎明商圈♥秒殺室內30坪超美三房+車位』嶺東阿詮,https://sale.591.com.tw/home/house/detail/2/20808743.html
4,皇后大道,998,31.5,3房2廳2衛2陽,2,7/8F,完全符合,32年,31.72,21.97,19.49,2.48,9.75,5.49,31%,是(共用9.75坪/總建31.72坪=31%，車位併入公設),機械式,機械式(含售價，車位併入公設),未載明,西屯區,坐北朝南,【Mｏｍｏ】皇后大道〃大墩學區3房+車位,https://sale.591.com.tw/home/house/detail/2/20416828.html
5,大台中新市,968,37.8,2房2廳1衛,1,12/14F,不符(僅1衛),30年,25.62,17.56,15.22,2.34,8.06,未載明,31%,是(共用8.06坪/總建25.62坪=31%，車位併入公設),機械式,機械式(含售價，車位併入公設),"1,560元/月",南屯區,未載明,【大台中新市】大墩學區│兩房車位,https://sale.591.com.tw/home/house/detail/2/20913731.html
6,劃江山,898,26.9,3房2廳2衛2陽,2,5/17F,完全符合,31年,33.34,26.75,23.92,2.83,6.60(含車),未載明,約19.8%,是(室內26.75坪，公設含車位僅6.6坪，公設超低),機械式,機械式(已含售金內),未載明,南區,未載明,【專案獨家】大慶捷運站⍣中山醫☛超值3房+車位,https://sale.591.com.tw/home/house/detail/2/20662579.html
7,文心大國民 (8F),950,28.1,3房2廳2衛1陽,2,8/13F,完全符合,29年,33.77,26.58,24.92,1.66,7.20(含車),約4.8坪,約21.3%,是(室內26.58坪，公設含車位約7.2坪),機械式,機械式(已含售金內),"約2,414元/月",南區,未載明,【專案獨家】大慶核心地段⍣3房+車位☛增值首選,https://sale.591.com.tw/home/house/detail/2/20662476.html
8,左鄰右舍,998,27.6,3房2廳2衛,2,4/13F,完全符合,30年,36.21,23.76,19.62,4.14,12.45,未載明,34%,是(共用12.45坪/總建36.21坪=34%，車位併入公設),機械式,機械休旅車位(已含售金內),未載明,南屯區,未載明,【我是承辦】大墩完全學區三房+休旅車位,https://sale.591.com.tw/home/house/detail/2/20906584.html
9,朋莊大樓,850,27.4,3房2廳2衛,2,20/22F,完全符合,31年,30.99,22.7,20.11,2.59,8.29,2.22,27%,否(本戶無車位，純建物公設比26.8%),無車位,無車位(20樓超高樓層無敵景觀視野),"1,353元/月",南區,未載明,【永慶流川楓獨家】朋莊高樓三房(景觀戶),https://sale.591.com.tw/home/house/detail/2/20974080.html
10,文心大國民 (4F),988,28.7,3房2廳2衛1陽,2,4/13F,完全符合,29年,34.43,26.58,24.92,1.66,7.86,4.86,23%,是(共用7.86坪/總建34.43坪=23%，車位併入共用),機械式,機械式(含售價，雙面採光，衛浴開窗),"2,414元/月",南區,未載明,中山醫_捷運站_雙面採光_3房+車位_衛浴開窗,https://sale.591.com.tw/home/house/detail/2/20727019.html
11,櫻木花道,888,34.8,2房2廳1衛1陽,1,8/8F,不符(僅1衛),28年,25.53,14.5,14.5,0,8.51,未載明,約37%,未單載(扣車位2.52坪後建坪23.01坪),機械式,機械式(車位2.52坪已獨立載明),"1,894元/月",西區五期,坐東朝西,五期大業學區2房+車位(頂樓戶),https://sale.591.com.tw/home/house/detail/2/20760864.html
12,豪暘名邸,998,26.7,2房2廳2衛1陽,2,5/7F,完全符合,35年,37.42,22.99,19.5,3.49,14.43(含車),未載明,約38.6%,是(公設含升降平車約14.43坪),升降平面式,升降平面車位 🏆(特色註明社區唯二平面車位，設備前3年換新),"1,250元/月",南屯區五期,坐西朝東,佩妮🍀五期東興商圈｜有平車~免千萬,https://sale.591.com.tw/home/house/detail/2/20939275.html
13,寧靜海,998,29.1,3房2廳2衛1陽,2,3/5F,完全符合,32年,34.3,24.12,22.02,2.1,10.18(含車),9.02,約29.7%,是(公設含車位約10.18坪，純公設約30%),坡道機械式,坡道機械上層車位(可停休旅車，三面採光無暗房),"1,625元/月",南屯區,坐南朝北,專任首購低總價寧靜海三面採光三房休旅車,https://sale.591.com.tw/home/house/detail/2/20992763.html
14,傑出名門,968,35.4,2房2廳1衛1陽,1,5/10F,不符(僅1衛),30年,27.38,20.75,16.8,3.95,6.63,4.00,24%,否(無車位，純住宅公設比24.2%),無車位(現況有租),權狀無車位(屋主已租一車位可續租使用),"1,896元/月",南屯區,坐南朝北,承辦大降價！大墩學區傑出名門採光大二房已租車位,https://sale.591.com.tw/home/house/detail/2/20782592.html
15,大東家華園,860,20,3房2廳2衛2陽,2,3/15F,完全符合,31年,43,21.49,21.49,0,21.51(含露台車),未載明,約50%,是(權狀43坪全場最大，含露台與車位),坡道機械式,坡道機械車位(全場唯一專用私人大露台),"1,627元/月",南區,未載明,挑戰南區輕鬆成家‼️三房大露台戶含車位,https://sale.591.com.tw/home/house/detail/2/20749114.html
16,大安紫金城,898,24.6,3房2廳2衛2陽,2,13/20F,完全符合,32年,36.56,24.28,21.68,2.6,12.28(含平車),4.20,約33.6%,是(公設12.28坪含坡道平車，室內24.3坪),坡道平面式,B2坡道平面車位 🏆(高樓13樓園道景觀+平車),"1,850元/月",南區忠明園道,坐東朝西,✨【忠明南路園道景觀｜高樓層採光三房】✨,https://sale.591.com.tw/home/house/detail/2/20977288.html
17,英棋尊邸,908,35.6,2房2廳1衛,1,13/14F,不符(僅1衛),29年,25.5,15,15,0,10.50,未載明,未載明,未單載(總權狀25.5坪含車位),坡道機械式,坡道機械休旅車位(B1休旅，高樓採光),未載明,南屯七期南,未載明,獨家釋出★英棋尊邸★成家美二房-休旅車位,https://sale.591.com.tw/home/house/detail/2/20705738.html
18,台中蓮莊,858,34.2,2房1廳1衛2陽,1,5/9F,不符(僅1衛),32年,25.06,14.33,11.94,2.39,10.73(含平車),未載明,約42.8%,是(共用10.73坪內含坡道平面車位！),坡道平面式,坡道平面車位 🏆(五期稀有2房配坡道平車),"2,016元/月",南屯區五期,未載明,獨家🔥大業學區🔥稀有2房｜雙陽台＋坡道平車,https://sale.591.com.tw/home/house/detail/2/20795484.html
19,第一名邸,858,25.9,3房2廳2衛,2,5/14F,完全符合,28年,33.12,24.4,21.2,3.2,8.72,未載明,26.3%,否(無車位，純建物公設比26.3%),無車位,無車位(順天知名建商，屋況免整理),"1,970元/月",南區,未載明,👍順天建設💎南區中山醫五權車站❤️免整理美三房,https://sale.591.com.tw/home/house/detail/2/20985540.html
20,大安黃金城,968,29.8,2房2廳2衛2陽,2,4/16F,完全符合,31年,32.48,20.3,18,2.3,12.18(含平車),3.80,約37.5%,是(公設12.18坪含平面車位持分),坡道平面式,坡道平面車位 🏆(兩房配兩衛浴+獨立平面車位，精裝修),"1,600元/月",南區大慶雙鐵,坐東朝西,大安黃金城❤免千萬裝潢戶❤️南區兩房兩衛平車釋出,https://sale.591.com.tw/home/house/detail/2/20935510.html
21,現代經典,988,30.8,2房2廳1衛1陽,1,10/12F,不符(僅1衛),33年,32.12,21.19,17.98,3.22,6.65,3.24,24%,否(✅不含車位！建坪27.84坪/公設6.65坪=24%，車位獨立4.28坪),坡道平面式,坡道平面車位 🏆(車位獨立4.28坪，高樓景觀),"2,310元/月",南屯區八期旁,坐西南朝東北,｜我是承辦｜大兩房平車｜室內21坪｜南屯捷運站,https://sale.591.com.tw/home/house/detail/2/20824056.html
22,京城特區,998,23.2,3房2廳2衛,2,18/24F,完全符合,29年,43,27,23,4,11.00,4.00,29%,是(共用11坪含平車持分，總建43坪，室內27坪大空間),坡道平面式,坡道平面車位 🏆(18樓超高樓層無敵景觀戶),"1,933元/月",南區興大/國圖,未載明,專任*南區｜低公設大空間｜成熟生活圈三房+平車,https://sale.591.com.tw/home/house/detail/2/20694604.html
23,開喜吉品,820,25,2房2廳2衛2陽,2,6/8F,完全符合,31年,32.81,23.17,21.64,1.53,9.64,4.53,29%,是(共用9.64坪含車位，室內23.2坪優於一般兩房),機械式,機械車位(美術館特區稀有大兩房雙衛浴),"1,716元/月",西區美術館,坐西朝東,專任｜美術館生活圈｜忠信國小旁｜大室內兩房・雙衛・附車位,https://sale.591.com.tw/home/house/detail/2/20809332.html
24,松柏大廈,998,26.9,3房2廳2衛2陽,2,7/15F,完全符合,35年,37.16,29.88,26.82,3.06,7.28,6.85,20%,否(超低公設比僅20%！主建物達26.82坪超大空間),機械式,機械車位(精裝修免整理，室內逼近30坪),"1,917元/月",西區精誠商圈,未載明,獨家🔥大降價🔥西區精誠首選精裝大三房車位🔥銀行鑑價到位,https://sale.591.com.tw/home/house/detail/2/20722765.html
25,田心國宅B區,898,23.7,3房2廳2衛2陽,2,5/16F,完全符合,29年,37.85,27.44,25.3,2.14,10.40,6.14,27%,否(純公設比27%，室內實坪達27.4坪極大),無車位(年抽),社區一年一抽(今年已抽到車位，外圍好停),700元/月,南屯七期旁,未載明,我是承辦!近七期最便宜!田心國宅邊間明亮美三房,https://sale.591.com.tw/home/house/detail/2/20752595.html
26,領袖勳章,998,24.7,3房2廳2衛,2,7/16F,完全符合,32年,40.46,25.5,24,1.5,14.96(含車),未載明,約22%,是(國雄建設品質指標，低公設比約20-22%),機械式,機械車位(國雄建設，格局方正，美村核心),"1,867元/月",南區美村商圈,未載明,【游好厝🏠】獨賣南區美村三房車位｜近公園低公設比｜低於實登,https://sale.591.com.tw/home/house/detail/2/20837613.html
27,龍邑大樓,989,23,4房2廳2衛2陽,2,4/17F,完全符合,30年,43.01,28.5,25,3.5,14.51(含平車),4.46,約33%,是(43坪含大平面車位，單價僅23萬/坪),坡道平面式,大平面車位 🏆(3+1房彈性大空間附平車),"1,700元/月",南區工學商圈,坐北朝南,工學機能陽光方正3+1房大車位-龍邑(新北NO.1),https://sale.591.com.tw/home/house/detail/2/20930072.html
28,美和街華廈,860,28.2,3房2廳2衛2陽,2,6/7F,完全符合,33年,30.49,22.06,18.51,3.55,8.44,4.95,28%,是(共用8.44坪/總建30.49坪=28%，車位併入共用),機械式,機械車位(次頂樓視野，精美裝潢免整理),"1,500元/月",南區健康公園,未載明,市場超低價｜次頂樓三房車位｜精美裝潢免整理馬上入住！860萬,https://sale.591.com.tw/home/house/detail/2/20860244.html
29,德富臻品,958,26.9,3房2廳2衛2陽,2,10/12F,完全符合,34年,35.61,26.98,24.33,2.64,8.63,未載明,24%,是(共用8.63坪/總建35.61坪=24%，室內近27坪超大空間),坡道機械式,B1坡道機上休旅車位(可停休旅車，24H管理),"1,860元/月",南區大慶雙鐵,未載明,首購✨免千萬✨中山醫✨大慶雙鐵✨三房車位,https://sale.591.com.tw/home/house/detail/2/20925360.html
30,精誠二十八街,898,24.7,2房2廳2衛2陽,2,5/6F,完全符合,33年,36.43,25.06,20.22,4.84,11.38,未載明,31%,是(共用11.38坪/總建36.43坪=31%，車位併入共用),機械式,機械車位(五期罕見大兩房兩衛浴附車位),"1,400元/月",西區五期,坐東朝西,👍絕對超值👍👍向上大新學區👍兩房兩衛在送你個車位👍,https://sale.591.com.tw/home/house/detail/2/20697641.html
31,福星大地,999,24.1,3房2廳2衛2陽,2,7/8F,完全符合,32年,41.41,28.29,24.68,3.61,13.12(含車),未載明,約31.7%,是(公設含車位約13.12坪，室內近28.3坪超大),平面式,B1休旅車位/平面 🏆(戶數僅70戶單純，室內近28坪),未載明,南區大慶雙鐵,大門朝北,莎🌷南區捷運雙鐵共構免千萬‼️2房價買3房+Ｂ1車位‼️,https://sale.591.com.tw/home/house/detail/2/20984944.html
32,卓越經典,998,29.3,3房2廳2衛2陽,2,6/7F,完全符合,34年,34.06,25.8,23.1,2.7,8.20,5.60,24%,否(純公設比24%，室內近26坪南北向，管理嚴謹),無車位,無車位(全社區僅28戶純住家，低公設比24%),"1,550元/月",南屯區五期,坐南朝北,五期商圈│大新、大業學區│南北向│3房2衛【卓越經典】,https://sale.591.com.tw/home/house/detail/2/20859119.html
33,文心寶典,999,28.5,3房2廳2衛1陽,2,5/7F,完全符合,32年,35.08,29.5,25.6,3.9,5.56,6.58,15.8%,否(超低公設比僅15.8%！主建25.6坪+附屬3.9坪，室內近30坪),無車位,無車位(走路3分鐘到捷運南屯站，一層二戶單純),"1,926元/月",南屯區,坐南朝北,南屯電梯3房2衛走路捷運南屯站三分鐘,https://sale.591.com.tw/home/house/detail/2/20727957.html
34,精城華廈,898,25.5,3房2廳2衛1陽,2,11/12F,完全符合,31年,35.18,27.22,27.22,0,7.96,2.77,約22.6%,否(室內實用高達27.2坪，公設約7.96坪),無車位,無車位(社區僅22戶單純，新電梯，免追垃圾車),未載明,南屯區八期旁,坐西朝東,專任大降百萬!五期好市多永春國小旁次頂樓視野大三房,https://sale.591.com.tw/home/house/detail/2/20943043.html
35,黎明親家22,998,32,3房2廳2衛,2,4/8F,完全符合,29年,31.16,24.25,20.95,3.3,6.82,4.87,21.9%,否(純建物公設比21.9%，室內超過24坪實坪好規劃),無車位,無車位(黎明商圈正核心，低公設比21.9%),"1,558元/月",南屯區黎明商圈,坐西北朝東南,黎明商圈｜大墩學區低總價三房,https://sale.591.com.tw/home/house/detail/2/20746752.html
36,寶璽賓士大廈,999,21.2,3房2廳2衛2陽,2,5/12F,完全符合,39年,47.08,38.37,30.67,7.7,8.71,5.32,18.5%,否(超低公設比僅18.5%！全場室內最大坪數38.37坪),無車位,無車位(審計新村旁超大空間，室內實坪達38.4坪！),"2,115元/月",西區草悟道/審計,坐東朝西,西區核心輕總價｜審計草悟道旁大3房｜高CP值置產首選,https://sale.591.com.tw/home/house/detail/2/20829536.html
37,貝多芬大樓,998,31.2,2房2廳2衛2陽,2,11/14F,完全符合,32年,32.02,24.97,20.96,4.01,7.05,3.60,22%,否(公設比僅22%，主建物近21坪，雙陽台雙衛浴),無車位,無車位(美村公正商圈，高樓層11樓採光極佳，稀有2房2衛),"1,700元/月",西區草悟道/公正,坐西朝東,🥷 超級行情｜西區貝多芬｜大兩房兩衛不看可惜,https://sale.591.com.tw/home/house/detail/2/20854332.html
